row_id,count,search_type,raw_input,rxnorm_match,drug_group,times_validated,SME_confirm,SME_comment
1,1271,med_id_generic_name_raw,insulin regular,insulin,insulin,2+,T,
2,722,med_id_generic_name_raw,insulin humulin r,insulin,insulin,2+,T,
3,671,med_id_generic_name_raw,tazocin (fk) 4.5g in 100ml ns,insulin,insulin,0,T,
4,600,med_id_brand_name_raw,lilly,insulin,insulin,0,F,
5,332,med_id_din,00586714,insulin,insulin,0,T,exclude from cohort
6,322,med_id_generic_name_raw,insulin-humulin r,insulin,insulin,2+,T,
7,292,med_id_generic_name_raw,insulin-humulin r prn bolus,insulin,insulin,2+,T,
8,271,med_id_generic_name_raw,insulin humulin r (regular),insulin,insulin,2+,T,
9,198,med_id_generic_name_raw,insulin humulin regular inj,insulin,insulin,0,T,
10,188,med_id_brand_name_raw,"humulin r vial 3 ml, novolin ge toronto",insulin,insulin,0,T,
11,134,med_id_generic_name_raw,insulin u-100 regular human 100 unit/ml injection solution,insulin,insulin,0,T,
12,100,med_id_din,02403447,insulin,insulin,0,T,
13,88,med_id_generic_name_raw,tazocin 3.375g in 100ml ns,insulin,insulin,0,T,exclude from cohort
14,76,med_id_generic_name_raw,"insulin regular, human",insulin,insulin,0,T,
15,75,med_id_generic_name_raw,insulin - humulin r  (kit),insulin,insulin,2+,T,
16,74,med_id_generic_name_raw,humulin r insulin 100 unit/ml 3 ml vial,insulin,insulin,0,T,
17,53,med_id_generic_name_raw,"insulin regular 100 unit/ml vial (1,000 unit/10 ml)",insulin,insulin,0,T,
18,51,med_id_generic_name_raw,insulin regular 100 units in 100 ml (1 unit/ml) continuous infusion,insulin,insulin,0,T,
19,46,med_id_generic_name_raw,humulin r insulin 100 unit/ml  3 ml pen,insulin,insulin,0,T,
20,45,med_id_generic_name_raw,insulin humulin nph,insulin,insulin,0,T,
21,43,med_id_generic_name_raw,insulin regular (humulin r kwikpen),insulin,insulin,0,T,
22,42,med_id_brand_name_raw,humulin r kwikpen,insulin,insulin,2+,T,
23,39,med_id_brand_name_raw,humulin n kwikpen,insulin,insulin,2+,T,
24,30,med_id_din,02415089,insulin,insulin,0,T,
25,26,med_id_hospital_code_raw,insulin regular (humulin r) 100 unit/ml iv direct,insulin,insulin,0,T,
26,24,med_id_hospital_code_raw,humulin r inj** 100 units + d5w* 99 ml + insulin t,insulin,insulin,0,T,
27,23,med_id_din,01959239,insulin,insulin,0,T,
28,22,med_id_generic_name_raw,insulin isophane-insulin regular,insulin,insulin,0,T,
29,18,med_id_hospital_code_raw,correction scale insulin regular (humulin r),insulin,insulin,0,T,exclude from cohort
30,16,med_id_hospital_code_raw,insulin nph (humulin n) 100 unit/ml-3 ml pen,insulin,insulin,0,T,
31,15,med_id_din,02024233,insulin,insulin,0,F,
32,13,med_id_generic_name_raw,humulin n insulin 100 unit/ml 3 ml pen,insulin,insulin,0,F,
33,12,med_id_din,02024268,insulin,insulin,0,F,
34,10,med_id_hospital_code_raw,humulin r inj** 25 units + d5w* 249.75 ml + insuli,insulin,insulin,0,F,
35,10,med_id_hospital_code_raw,insulin regular (humulin r) 100 unit/ml-3 ml pen,insulin,insulin,0,F,
36,9,med_id_generic_name_raw,insulin humulin 30/70,insulin,insulin,2+,F,
37,9,med_id_generic_name_raw,insulin regular-insulin isophane,insulin,insulin,0,F,
38,8,med_id_din,02024225,insulin,insulin,0,F,
39,7,med_id_generic_name_raw,insulin humulin nph inj,insulin,insulin,0,F,
40,<6,med_id_generic_name_raw,humulin 30/70 insulin 100 unit/ml 3 ml cartr in pen,insulin,insulin,0,F,
41,<6,med_id_brand_name_raw,humulin 30/70 cartridge,insulin,insulin,0,F,
42,<6,med_id_brand_name_raw,novolin nph ; humulin nph,insulin,insulin,0,F,
43,<6,med_id_din,02025248,insulin,insulin,0,F,
44,<6,med_id_brand_name_raw,novolin ge nph,insulin,insulin,0,F,
45,<6,med_id_generic_name_raw,humulin r insulin 100 units/ml 3 ml kwikpen,insulin,insulin,0,F,
46,<6,med_id_generic_name_raw,"insulin reg/nph 30/70 100 unit/ml vial (1,000 unit/10 ml)",insulin,insulin,0,F,
47,<6,med_id_brand_name_raw,humulin 30/70,insulin,insulin,0,F,
48,<6,med_id_din,00587737,insulin,insulin,0,F,
49,<6,med_id_generic_name_raw,humulin r insulin 100 units/ml 3 ml vial,insulin,insulin,0,F,
50,<6,med_id_generic_name_raw,insulin-novolin r,insulin,insulin,2+,F,
51,<6,med_id_brand_name_raw,humulin 30/70 pen preloaded by pharmacy,insulin,insulin,0,F,
52,<6,med_id_generic_name_raw,insulin regular-insulin nph human 100 unit/ml(30-70) subcutaneous cart,insulin,insulin,0,F,
53,<6,med_id_hospital_code_raw,insulin regular (anes) 300 units +,insulin,insulin,0,F,
54,<6,med_id_hospital_code_raw,insulin. nph-regular (novolin ge 30/70)-3 ml cartr,insulin,insulin,0,F,
55,<6,med_id_hospital_code_raw,insulin regular (anes),insulin,insulin,0,F,
56,<6,med_id_generic_name_raw,insulin regular human infusion 0.1 units/ml 250 ml (ped),insulin,insulin,0,F,
57,<6,med_id_hospital_code_raw,humulin r,insulin,insulin,2+,F,
58,<6,med_id_generic_name_raw,insulin novolinge nph,insulin,insulin,0,F,
59,<6,med_id_din,02024217,insulin,insulin,0,F,
60,<6,med_id_generic_name_raw,novolin ge 50/50 insulin 100 unit/ml 3 ml ctr in pen,insulin,insulin,0,F,
61,<6,med_id_brand_name_raw,ectosone regular,insulin,insulin,0,F,
62,<6,med_id_hospital_code_raw,insulin sliding scale (humulin r),insulin,insulin,0,F,
63,<6,med_id_hospital_code_raw,insulin regular (anes) 25 units + sodium chloride,insulin,insulin,0,F,
64,<6,med_id_generic_name_raw,insulin regular u-100 human 100 unit/ml injection solution cartridge,insulin,insulin,0,F,
65,<6,med_id_generic_name_raw,insulin novolin ge (regular),insulin,insulin,2+,F,
